Drop_Location,Pickup_Location,Request_Passenger_ID
"11447 Browning Trail","73595 Thompson Street",388722827
rajasthan,okhla,459110594
"5951 Susan Avenue","5 East Hill",468392726
"963 Bay Street","611 Reinke Way",608387363
"19 Bayside Street","17395 Buhler Place",621943797
"14 Corry Drive","4850 Northport Crossing",756069866
"819 Mccormick Parkway","417 Emmet Court",765319829
"5 Acker Junction","87 Monterey Point",816331812
"8 Grim Way","64363 Novick Place",848102347
"8 Loeprich Avenue","98 Gale Point",850219213
"32 Butterfield Crossing","9 Dixon Street",881329053
"36 Browning Road","152 Sachs Street",906391121
"176 Gina Lane","28240 Duke Place",946844860
"365 Veith Plaza","1 Farwell Plaza",1057772895
"5470 Scofield Alley","19932 Charing Cross Plaza",1206729953
"44061 Center Circle","10873 Melby Trail",1266339140
"84 Carey Circle","004 Lawn Center",1385217707
"03 Bellgrove Terrace","8823 Stuart Center",1448617294
"8073 Starling Circle","73 Towne Trail",1688152229
"2940 Thackeray Hill","7 Union Circle",1779374399
"72347 Brentwood Parkway","878 Killdeer Lane",1792844875
"25 Starling Avenue","57 Sutteridge Lane",1925395065
"42746 Sunbrook Circle","80 Jana Lane",2180563221
"1 Green Place","723 Harbort Avenue",2226423281
"244 Kim Point","02466 Heffernan Avenue",2249120935
"35 Colorado Way","67722 Reindahl Plaza",2329248660
"082 Shasta Hill","42 Dwight Junction",2329711425
"4497 Kinsman Pass","3 Green Alley",2437269355
"41852 Sunfield Parkway","84254 Lotheville Way",2503902499
"9 Mayfield Hill","4996 Beilfuss Lane",2599939399
"6613 Westerfield Point","1 Swallow Pass",2673548351
"0046 Bowman Pass","2 Lyons Terrace",2707181900
"804 Marcy Junction","3116 Park Meadow Pass",2874022411
"7823 Oak Valley Plaza","91154 Ridgeview Pass",3001314540
"250 Scott Street","88 Meadow Valley Terrace",3126126790
"2 Charing Cross Avenue","001 Oak Valley Lane",3184757188
"0 Talmadge Point","2529 East Pass",3191551123
"7959 Birchwood Point","912 Myrtle Crossing",3229897439
"04492 Center Hill","6 Elka Circle",3365753540
"83572 Loftsgordon Way","4392 Helena Court",3492890369
"30813 Mockingbird Avenue","87318 Washington Point",3503264620
"89 Pawling Avenue","3420 Doe Crossing Pass",3626242374
"4943 Warrior Road","342 Northfield Parkway",3825994732
"8038 Sommers Trail","543 Union Plaza",3871944289
"71 Columbus Trail","67 Portage Terrace",3944637283
"9171 Utah Drive","94 Park Meadow Parkway",4030430554
"42085 Talisman Street","6 Carberry Alley",4126644792
"09991 Briar Crest Terrace","062 Dixon Place",4132567958
"300 Ridgeview Trail","6260 Grayhawk Drive",4249098702
"221 Claremont Road","5 Bluejay Hill",4286778541
"0801 Artisan Park","45644 Vera Road",4341747088
"0 Lakewood Gardens Terrace","7808 Pawling Lane",4342422980
"3 Fulton Hill","6 Orin Crossing",4487845238
"58267 Rieder Alley","31815 Golf View Circle",4494047643
"02970 Prairie Rose Place","42372 Pennsylvania Crossing",4530976610
"8621 Bashford Plaza","5265 Merrick Terrace",4624789423
"40 Bunker Hill Center","65085 Susan Plaza",4705966023
"864 Russell Avenue","17 Mayfield Road",4713523291
"374 Gulseth Point","05 Village Point",4732283950
"15643 Chive Junction","613 Fieldstone Park",4753689778
"62583 Little Fleur Hill","31 Milwaukee Trail",4776335700
"53491 Rieder Trail","3218 Green Lane",4794920628
"03669 Jenna Street","544 Dennis Pass",4801357725
"66 Artisan Road","528 Linden Point",4830538317
"38 Hovde Circle","987 Briar Crest Pass",4869677059
"45 Badeau Junction","151 Service Park",5241369759
"2 Algoma Junction","6918 Grover Plaza",5287973535
"6 Buell Street","364 Nancy Road",5528481074
"381 Eliot Circle","60877 Northview Center",5678893459
"0 Packers Junction","99553 Parkside Terrace",5712083566
"07810 Springs Junction","683 Twin Pines Crossing",5774857638
"20 Bunting Place","51009 Bunker Hill Parkway",6152423376
"83303 Judy Park","50597 Sullivan Lane",6208859301
"60 David Crossing","0922 Almo Place",6746463303
"8748 Donald Parkway","9 Goodland Point",6818539416
"1794 Hallows Hill","0 Towne Avenue",6837142518
"6111 Darwin Point","7418 Bowman Avenue",7025101451
"0 Upham Point","20 Glacier Hill Street",7097638028
"3626 Cottonwood Road","5816 Rockefeller Park",7457445366
"74219 Marquette Way","911 Hooker Plaza",7889663021
"4874 Corry Hill","9 Chinook Plaza",8056577289
"7618 Prairie Rose Avenue","65 Vermont Alley",8144271785
"96 American Avenue","5 Basil Circle",8272322056
"07632 Thierer Park","8009 Daystar Pass",8334588151
"3 Reindahl Crossing","2 Forster Point",8345625827
"9 Rockefeller Way","4947 Moulton Junction",8384565740
"87 American Road","9512 Merchant Place",8400268180
"0483 American Ash Hill","60 Schiller Pass",8582903286
"5 Sauthoff Trail","02 Stuart Road",8586173185
"53855 Crownhardt Alley","49 Aberg Park",8612414768
"21113 Cambridge Place","901 Amoth Drive",8651853041
"3983 Hanover Circle","28 Sheridan Lane",8827080759
"258 Cordelia Circle","1 Mcguire Lane",9111574860
"75565 Warrior Street","77486 Morrow Drive",9204752939
"95 Stang Park","93 Heffernan Road",9534820873
"7 Fulton Drive","51 Bashford Avenue",9782617342
"36 Drewry Terrace","32 Hanover Hill",9834425724
