Passenger_ID,Name,Date_of_Birth,Contact_Number,Pickup_Location,status
109621042,"Berti Spick",2021-08-16,8834680294,"0 Manitowish Road",TRUE
225462214,"Earle Jilliss",2021-06-20,8211564785,"5 Hintze Park",TRUE
317155210,"Aeriel Dorkins",2022-02-04,9938042082,"27257 Michigan Circle",TRUE
388722827,"Sophia Copper",2021-05-15,4276479959,"0 American Circle",FALSE
459110594,"Mordy Onele",2021-12-29,3869621052,"82875 Doe Crossing Street",FALSE
468392726,"Tab Holbie",2021-07-02,356630587,"2277 Forster Junction",FALSE
608387363,"Chantal Coule",2022-02-10,8550650234,"0 Red Cloud Street",FALSE
621943797,"Myrwyn Pitsall",2021-10-24,6512656938,"0 Carey Park",FALSE
756069866,"Hamilton Cawthorn",2021-05-10,2783880520,"1091 Sherman Pass",FALSE
765319829,"Krystalle Tidmarsh",2021-03-16,9237007256,"9 Fairfield Court",FALSE
816331812,"Cristobal Verdy",2022-01-27,9326510387,"8 Warner Crossing",FALSE
848102347,"Renee Demchen",2021-08-10,8435262650,"66 Clove Center",FALSE
850219213,"Corabella McGettigan",2022-01-05,7430778909,"72 Cordelia Road",FALSE
881329053,"April Fanner",2021-11-26,3781571408,"46322 Village Green Trail",FALSE
906391121,"Rozanna Stolz",2021-09-08,7285486183,"50 Green Ridge Road",FALSE
946844860,"Velma Betteriss",2022-02-07,3173819683,"47 Oak Valley Way",FALSE
1057772895,"Arden Napleton",2021-07-05,8592338352,"05 Huxley Park",FALSE
1206729953,"Ricky Hawthorne",2021-09-24,5889997963,"13 Schurz Circle",FALSE
1266339140,"Ailis Rootham",2021-09-15,5372916303,"6183 Scoville Alley",FALSE
1385217707,"Panchito Fernie",2021-05-31,4595992459,"74527 Oriole Road",FALSE
1448617294,"Nils Dallmann",2021-07-01,4270534818,"949 Warbler Drive",FALSE
1688152229,"Billye Hillburn",2022-02-17,2839596296,"4385 Fair Oaks Junction",FALSE
1779374399,"Fay Wilacot",2022-01-25,8180089967,"75204 International Plaza",FALSE
1792844875,"Ardith Batterbee",2021-12-30,586519033,"9 Raven Lane",FALSE
1925395065,"Michaelina Lightbourn",2022-02-12,5031160918,"5 Barby Road",FALSE
2180563221,"Bobina Handford",2022-01-25,9051504578,"0 Dawn Trail",FALSE
2226423281,"Sephira Fullerlove",2021-11-02,8359756732,"6346 Merrick Place",FALSE
2249120935,"Jarred Keepence",2021-03-28,4420991518,"076 Nancy Point",FALSE
2329248660,"Johna Driffe",2021-12-20,5959460173,"9 Canary Avenue",FALSE
2329711425,"Miof mela Kittow",2022-02-12,1371495688,"05 Stoughton Pass",FALSE
2437269355,"Whitby Hearns",2021-10-21,4583184492,"900 Gale Terrace",FALSE
2503902499,"Chastity Kerford",2021-03-14,6221763010,"01 Judy Place",FALSE
2599939399,"Lynda Larrington",2021-12-31,8550341460,"0 Kenwood Court",FALSE
2673548351,"Harlene Renault",2021-12-17,7329347302,"6420 Commercial Center",FALSE
2707181900,"Andrei Gartenfeld",2021-09-30,154228672,"62884 Kropf Place",FALSE
2874022411,"Chicky Worsnip",2021-09-04,7547430988,"9 Grim Hill",FALSE
3001314540,"Margret O'Kinedy",2022-01-31,9965600112,"3461 Marcy Point",FALSE
3126126790,"Laurel Brauninger",2021-09-19,3823504223,"32 Di Loreto Parkway",FALSE
3184757188,"Lacy Burfield",2022-01-05,911526951,"6 Ridge Oak Terrace",FALSE
3191551123,"Gwenora McCrossan",2021-09-14,4336724148,"1192 Arkansas Alley",FALSE
3229897439,"Vinnie Poser",2022-02-07,2459814887,"74644 Blue Bill Park Junction",FALSE
3365753540,"Kata Kubicka",2021-05-22,1967225478,"4292 Little Fleur Terrace",FALSE
3492890369,"Fin Luckman",2021-09-13,5899931663,"25691 Northridge Street",FALSE
3503264620,"Madeline Rablin",2021-11-20,9243123637,"12541 High Crossing Center",FALSE
3626242374,"Iggy Sommerlie",2022-02-07,1572023821,"04098 Burning Wood Parkway",FALSE
3825994732,"Anthe Jennens",2021-05-03,8372411352,"83766 Oakridge Junction",FALSE
3871944289,"Melosa Usherwood",2021-10-02,1409283909,"15109 Bartelt Point",FALSE
3944637283,"Roana Eagleton",2021-08-27,3415399354,"859 Maryland Drive",FALSE
4030430554,"Joelynn Whiskerd",2021-12-05,3112258126,"400 Green Ridge Avenue",FALSE
4126644792,"Freddy Kirlin",2021-08-18,6949147163,"44 Corben Junction",FALSE
4132567958,"Renault Bromehed",2021-05-14,4048923897,"240 Bunting Avenue",FALSE
4249098702,"Beau Gierok",2022-01-30,4590177889,"1 Messerschmidt Center",FALSE
4286778541,"Dian Rubertis",2021-04-04,992980631,"436 Tony Parkway",FALSE
4341747088,"Bunni Checo",2022-01-21,4586664541,"7 Tomscot Court",FALSE
4342422980,"Randal Loomes",2021-10-26,9796028557,"51 Monument Alley",FALSE
4487845238,"Meade Benes",2021-03-08,887112765,"2 Hoard Hill",FALSE
4494047643,"Batholomew Jellard",2021-08-14,2057024008,"77 Katie Way",FALSE
4530976610,"Kienan Lupton",2021-05-30,2246394007,"5500 Lillian Point",FALSE
4624789423,"Deni Justun",2021-09-24,9524819821,"9 La Follette Pass",FALSE
4705966023,"Saw Buye",2021-07-04,628758413,"4 Kedzie Terrace",FALSE
4713523291,"Erasmus Sweeney",2021-07-09,8486398037,"24901 Carpenter Drive",FALSE
4732283950,"Daveta Corre",2021-12-08,7312818692,"4870 Schurz Crossing",FALSE
4753689778,"Shina Spottswood",2021-04-01,618539840,"594 Amoth Circle",FALSE
4776335700,"Marlyn Manshaw",2021-11-27,4883224422,"78 Green Ridge Point",FALSE
4794920628,"Valeda Truran",2021-06-29,1725291843,"438 Vahlen Park",FALSE
4801357725,"Janie Hebborne",2021-07-27,4684424189,"3 Jenifer Hill",FALSE
4830538317,"Katrine Gianinotti",2021-10-17,2444066189,"2965 Merrick Lane",FALSE
4869677059,"Ebba Grinyer",2021-11-13,3328626514,"5496 Johnson Terrace",FALSE
5241369759,"Xena Beeho",2021-08-27,1381932339,"28 Melody Way",FALSE
5287973535,"Myrle Girogetti",2021-10-17,9509206423,"11281 Armistice Lane",FALSE
5528481074,"Penrod Arboin",2022-02-12,2526310504,"6 Springs Crossing",FALSE
5678893459,"Andros Sowersby",2021-05-25,5323694998,"24 Huxley Park",FALSE
5712083566,"Borden Godmar",2022-01-18,821301977,"34339 Mariners Cove Avenue",FALSE
5774857638,"Mort Scougal",2021-05-01,2207920933,"9 Longview Hill",FALSE
6152423376,"Chaunce Bockings",2021-04-13,8307453941,"508 Butternut Trail",FALSE
6208859301,"Durant Papierz",2021-03-19,3599039836,"558 Ludington Alley",FALSE
6746463303,"Melli Aherne",2021-06-26,8267112952,"1939 Straubel Park",FALSE
6818539416,"Bibi Hanham",2021-02-26,7295850023,"7 Village Hill",FALSE
6837142518,"Felicia Bartlosz",2021-06-01,2223996558,"581 John Wall Plaza",FALSE
7025101451,"Ricki Valentelli",2021-12-22,2905642912,"0354 Sommers Place",FALSE
7097638028,"Cyndie Espinet",2021-05-22,3517300152,"05 Westridge Center",FALSE
7457445366,"Vinnie Jaslem",2021-07-31,1930455968,"849 Hollow Ridge Junction",FALSE
7889663021,"Mahala Sommerly",2021-10-29,3654398286,"5974 Annamark Street",FALSE
8056577289,"Staffard Simes",2021-08-17,2992975885,"9 Brentwood Alley",FALSE
8144271785,"Amber Haith",2021-02-26,4197275269,"37 Knutson Road",FALSE
8272322056,"Marnie Zanicchelli",2021-06-16,1320729886,"48 Farwell Place",FALSE
8334588151,"Dud Eldred",2021-05-21,228784271,"26 4th Alley",FALSE
8345625827,"Daveen Robyns",2021-11-30,5174386006,"78 Alpine Pass",FALSE
8384565740,"Felita Moncarr",2021-08-13,9422094615,"38467 Fremont Terrace",FALSE
8400268180,"Jobie Kezor",2021-03-30,3639245253,"26657 Toban Trail",FALSE
8582903286,"Jinny Antonoczyk",2021-03-23,3980114678,"80103 Utah Junction",FALSE
8586173185,"Harmonie Brobyn",2021-12-21,107080362,"219 Pearson Point",FALSE
8612414768,"Sonja Swait",2021-06-24,9852774735,"59 Oxford Drive",FALSE
8651853041,"Gavan Wheadon",2021-06-29,7747955618,"2 Sycamore Court",FALSE
8827080759,"Stanislaw Loxley",2021-11-10,8495902303,"7 Clarendon Crossing",FALSE
9111574860,"Justin Laugier",2021-04-19,7076457083,"724 Butterfield Plaza",FALSE
9204752939,"Rowland Louisot",2021-09-26,6915981209,"95070 Gerald Lane",FALSE
9534820873,"Leonard Addy",2021-10-09,9780698485,"599 Delaware Way",FALSE
9782617342,"Shep Mansour",2021-10-30,2508156957,"70 Ohio Hill",FALSE
9834425724,"Stirling Hinsch",2022-01-09,1889882682,"918 Kipling Road",TRUE
